{"cameraMode":{"drawMode":0,"name":"Shaded","section":"Shading Mode"},"sceneLighting":true,"audioPlay":false,"sceneViewState":{"showFog":true,"showMaterialUpdate":false,"showSkybox":true,"showFlares":true,"showImageEffects":true,"showParticleSystems":true},"in2DMode":false,"pivot":{"x":-0.05938458442687988,"y":0.5136508941650391,"z":0.565833568572998},"rotation":{"x":0.16734308004379273,"y":0.8321157097816467,"z":-0.39002686738967898,"w":0.3570244014263153},"size":3.6452291011810304,"orthographic":true}