{"cameraMode":{"drawMode":0,"name":"Shaded","section":"Shading Mode"},"sceneLighting":true,"audioPlay":false,"sceneViewState":{"showFog":true,"showMaterialUpdate":false,"showSkybox":true,"showFlares":true,"showImageEffects":true,"showParticleSystems":true},"in2DMode":false,"pivot":{"x":0.631718635559082,"y":-7.037299156188965,"z":3.381793975830078},"rotation":{"x":0.11739791929721832,"y":0.8824936747550964,"z":-0.3144654929637909,"w":0.3294566869735718},"size":40.246891021728519,"orthographic":true}