{"cameraMode":{"drawMode":0,"name":"Shaded","section":"Shading Mode"},"sceneLighting":false,"audioPlay":false,"sceneViewState":{"showFog":true,"showMaterialUpdate":false,"showSkybox":false,"showFlares":true,"showImageEffects":true,"showParticleSystems":true},"in2DMode":false,"pivot":{"x":-0.05938458442687988,"y":0.5136508941650391,"z":0.565833568572998},"rotation":{"x":-0.007606383413076401,"y":0.9889447093009949,"z":-0.13765959441661836,"w":-0.054644130170345309},"size":2.8578836917877199,"orthographic":false}