{"cameraMode":{"drawMode":0,"name":"Shaded","section":"Shading Mode"},"sceneLighting":true,"audioPlay":false,"sceneViewState":{"showFog":true,"showMaterialUpdate":false,"showSkybox":true,"showFlares":true,"showImageEffects":true,"showParticleSystems":true},"in2DMode":false,"pivot":{"x":-0.05938458442687988,"y":0.5136508941650391,"z":0.565833568572998},"rotation":{"x":0.05723130330443382,"y":0.928946316242218,"z":-0.16214768588542939,"w":0.32787221670150759},"size":12.26893424987793,"orthographic":true}