{"cameraMode":{"drawMode":0,"name":"Shaded","section":"Shading Mode"},"sceneLighting":false,"audioPlay":false,"sceneViewState":{"showFog":true,"showMaterialUpdate":false,"showSkybox":false,"showFlares":true,"showImageEffects":true,"showParticleSystems":true},"in2DMode":false,"pivot":{"x":-0.34878575801849368,"y":0.723380446434021,"z":-0.1563863754272461},"rotation":{"x":0.09637569636106491,"y":-0.23363745212554933,"z":0.023278648033738138,"w":0.9672638773918152},"size":5.114328384399414,"orthographic":false}