{"cameraMode":{"drawMode":0,"name":"Shaded","section":"Shading Mode"},"sceneLighting":true,"audioPlay":false,"sceneViewState":{"showFog":true,"showMaterialUpdate":false,"showSkybox":true,"showFlares":true,"showImageEffects":true,"showParticleSystems":true},"in2DMode":false,"pivot":{"x":-0.14000000059604646,"y":2.319999933242798,"z":-3.2699999809265138},"rotation":{"x":0.1667284518480301,"y":-0.20541566610336305,"z":0.035539641976356509,"w":0.9637219905853272},"size":22.0,"orthographic":false}